Count,320.0
Min,2.8750282692
Max,47.94594002
Mean,18.14308005260691
Median,15.979432104999999
Std,13.735707163265433
Var,188.66965127498133
