Count,292.0
Min,1.93011859
Max,43.16450615
Mean,17.077256157113595
Median,18.398027925
Std,12.775789333000711
Var,163.22079308121477
Skew,0.2706574675590811
Kurt,-1.3505682865043038
