Count,320.0
Min,2.8750282692
Max,47.94594002
Mean,18.14308005260691
Median,15.979432104999999
Std,13.735707163265433
Var,188.66965127498133
Skew,0.45680833853994735
Kurt,-1.3135915315571742
