Count,888.0
Min,3395.9786162
Max,63436.57977955
Mean,17086.57387543125
Median,9801.38927942
Std,15798.492134124801
Var,249592353.71200323
