Count,452.0
Min,0.515272785293
Max,55.91096029
Mean,10.471388329287931
Median,2.8813885885149997
Std,14.114443632906799
Var,199.21751906650329
