Count,275.0
Min,27.71508436
Max,632.26648755
Mean,255.5258453825091
Median,295.08922914
Std,161.64991655773233
Var,26130.69552312182
