Count,845.0
Min,1.6492031281
Max,29.43514958
Mean,6.768098894868911
Median,4.48058320702
Std,5.936095726189236
Var,35.237232470482105
